岗位,地点,薪资,工作经验,学历,公司,技能,区间最小薪资(K),城市地区,城市,地区
软件开发工程师（图像、算法方向）,南京・秦淮区・洪家园,15-25K・15薪,'经验不限', '硕士',江苏无线电厂有限公司,"['分布式技术', '数据结构', '图形图像处理', 'OpenCV', '图像处理、机器学习', 'AI', 'C++', 'Linux']",15,南京秦淮区,南京,秦淮区
图像算法工程师,南京・雨花台区・铁心桥,15-30K・14薪,'1-3年', '硕士',红松信息,"['Python', '深度学习算法', '视觉图像算法', 'CNN', 'PyTorch', '视频算法', '算法设计', '神经网络']",15,南京雨花台区,南京,雨花台区
算法工程师,南京・栖霞区・尧化,15-20K・13薪,'经验不限', '本科',美基森,"['语音/图像识别', 'Python', 'C/C++']",15,南京栖霞区,南京,栖霞区
图像处理算法工程师（3D）,南京・江宁区・开发区,10-15K・13薪,'经验不限', '硕士',南京鹏力科技集团,"['OpenCV', 'C/C++', '计算机相关专业', '图像识别经验']",10,南京江宁区,南京,江宁区
算法工程师（视觉图像检测）,南京・江宁区・秣陵,13-25K・14薪,'1-3年', '本科',必勤得创,"['C++', 'Python', '深度学习算法', '机器学习算法', '视觉图像算法', '人工智能', 'C语言']",13,南京江宁区,南京,江宁区
图像算法工程师,南京・雨花台区・铁心桥,15-30K・13薪,'1-3年', '硕士',博视医疗,"['研究导向', '生物医疗', 'Python', 'MATLAB', '数学/统计相关专业', '机器学习算法/工程化经验', '深度学习经验']",15,南京雨花台区,南京,雨花台区
图像识别工程师,南京・江宁区・开发区,10-15K・13薪,'经验不限', '硕士',道达科技,"['C/C++', 'OpenCV']",10,南京江宁区,南京,江宁区
图像算法处理师,南京・鼓楼区・建宁路,10-15K,'经验不限', '硕士',新前端奕天,"['Python', '图形图像处理', 'Shell', '网络编程']",10,南京鼓楼区,南京,鼓楼区
图像处理算法工程师,南京・雨花台区・宁南,25-40K・13薪,'经验不限', '硕士',虹软科技,"['无明显侧重', 'C/C++', 'MATLAB', '计算机相关专业']",25,南京雨花台区,南京,雨花台区
视觉算法工程师,南京・建邺区・江心洲,15-30K,'经验不限', '本科',云思创智,"['C/C++', 'Python']",15,南京建邺区,南京,建邺区
深度学习图像识别算法工程师（南京）,南京・鼓楼区・华侨路,15-20K・13薪,'经验不限', '硕士',HyperAI,"['C++', 'Python', '算法设计', '深度学习算法', '视觉图像算法', 'OpenCV', 'TensorFlow', 'PyTorch']",15,南京鼓楼区,南京,鼓楼区
机器视觉算法-图像处理算法高级工程师,南京・江宁区・开发区,20-40K・13薪,'3-5年', '本科',势创智能科技,"['视觉图像算法', 'C#', 'OpenCV', '机器视觉', '视觉算法', '视觉检测', 'Halcon']",20,南京江宁区,南京,江宁区
高级图像算法工程师（口腔）,南京・江宁区・淳化,12-18K,'1-3年', '硕士',普爱医疗,"['语音/图像识别', 'C/C++', '计算机相关专业', '数学/统计相关专业', '机器学习算法/工程化经验', '口腔影像', '牙科机']",12,南京江宁区,南京,江宁区
图像算法实习工程师,南京・江宁区・秣陵,4-8K,'经验不限', '硕士',智蓝芯联,"['C++', '机器学习算法', '视觉图像算法', '计算机相关专业', '深度学习算法', 'C/C++', 'PyTorch', '算法设计', '自然语言处理', '语音/图像识别', '业务导向', 'Python', 'TensorFlow']",4,南京江宁区,南京,江宁区
图像算法工程师,南京・江宁区・将军大道,10-15K・13薪,'1-3年', '本科',畅淼,"['视觉图像算法', '深度学习算法', 'Python', 'C++', 'PyTorch', 'TensorFlow']",10,南京江宁区,南京,江宁区
图像算法,南京,30-50K,'经验不限', '硕士',某智能硬件公司,"['C/C++', '视觉图像', '机器视觉', '图像处理']",30,南京,南京,
图像算法工程师,南京・建邺区・西善桥,12-18K・13薪,'经验不限', '硕士',南京贝伦思,"['机器学习算法', 'C++', 'Python', 'OpenCV', 'Halcon', '缺陷检测', '图像检测', '图像分析']",12,南京建邺区,南京,建邺区
算法工程师,南京,15-19K・13薪,'经验不限', '本科',金东康,"['C/C++', 'MATLAB', 'OpenCV', '图像处理', '图像算法']",15,南京,南京,
图像算法工程师（中级）,南京・鼓楼区・龙江,12-22K,'1-3年', '本科',中奥智能工业研究院,"['Python', '深度学习算法', '机器学习算法', '视觉图像算法', 'TensorFlow']",12,南京鼓楼区,南京,鼓楼区
图像算法工程师,南京・江宁区・东善桥,12-24K,'1-3年', '本科',凯影医疗,"['Python', '算法设计', '视觉图像算法', '图像处理', '图像分析']",12,南京江宁区,南京,江宁区
图像算法工程师,南京・江宁区・麒麟镇,20-30K・14薪,'1-3年', '硕士',中科南京人工智能...,"['C/C++', 'Python', 'TensorFlow/PyTorch', '计算机相关专业', '机器学习算法/工程化经验', '有国际期刊/会议论文发表', '图像超分', '目标检测', '行人重识别']",20,南京江宁区,南京,江宁区
图像深度学习算法工程师,南京・玄武区・珠江路,17-25K,'经验不限', '硕士',卓视智通,"['C/C++', 'TensorFlow/PyTorch', 'OCR识别经验', '图像识别经验', 'caffe']",17,南京玄武区,南京,玄武区
图像算法工程师,南京・江宁区・大学城,15-30K,'1-3年', '硕士',齐丰科技,"['C++', '算法设计', '深度学习算法', '机器学习算法', '视觉图像算法', '图像处理']",15,南京江宁区,南京,江宁区
图像AI算法工程师,南京・建邺区・江心洲,16-30K,'经验不限', '硕士',土星科技,"['深度学习算法', '机器学习算法', 'C++', 'Python', '人工智能', '视觉图像算法', '视频算法']",16,南京建邺区,南京,建邺区
机器视觉和图像处理算法工程师,南京・江宁区・麒麟镇,15-25K,'1-3年', '硕士',江苏万维艾斯公司,"['视觉图像算法', '深度学习算法', 'Caffe', 'PyTorch']",15,南京江宁区,南京,江宁区
图像处理算法工程师,南京・江宁区・将军大道,15-25K,'经验不限', '本科',上海贝特威,"['语音/图像识别', 'OpenCV']",15,南京江宁区,南京,江宁区
图像处理算法工程师,南京・江宁区・百家湖,15-30K,'1-3年', '本科',中汽创智,"['视觉图像算法', 'C++', 'Python', '图像处理', 'opencv', '特征提取', '边缘提取']",15,南京江宁区,南京,江宁区
算法工程师,南京・江宁区・开发区,25-50K・14薪,'1-3年', '本科',领行科技,"['Python', '深度学习算法', '机器学习算法', 'TensorFlow', 'PyTorch']",25,南京江宁区,南京,江宁区
3D图像算法工程师,南京・江宁区・麒麟镇,15-30K,'3-5年', '硕士',景曜科技,"['C/C++', 'TensorFlow/PyTorch', '图像识别经验', '人脸识别经验', '有国际期刊/会议论文发表']",15,南京江宁区,南京,江宁区
图像算法工程师,南京・江宁区・九龙湖,10-15K・13薪,'经验不限', '本科',南京泊纳莱电子科...,['视觉图像算法'],10,南京江宁区,南京,江宁区
算法开发工程师（图像）,南京,18-30K・15薪,'1-3年', '硕士',七宝,"['业务导向', '语音/图像识别', 'OpenCV', 'C/C++']",18,南京,南京,
深度学习图像算法工程师,南京・浦口区・沿江,10-14K・13薪,'1年以内', '硕士',富翰医疗,"['语音/图像识别', '生物医疗', 'Python', 'OpenCV', 'TensorFlow/PyTorch', '计算机相关专业', '机器学习算法/工程化经验', '深度学习经验']",10,南京浦口区,南京,浦口区
AI算法工程师,南京・浦口区・沿江,15-23K,'1-3年', '硕士',富岛科技,"['深度学习算法', '视觉图像算法', '算法设计', '机器学习算法', 'C++', 'TensorFlow', 'PyTorch', '人工智能']",15,南京浦口区,南京,浦口区
图形图像算法工程师,南京・秦淮区・光华路,18-19K,'1-3年', '硕士',中设航空,"['Python', 'TensorFlow/PyTorch', 'OpenCV', '计算机相关专业', '数学/统计相关专业', '图像识别经验']",18,南京秦淮区,南京,秦淮区
视觉算法工程师,南京・建邺区・奥体,20-35K・13薪,'经验不限', '硕士',勤策,"['深度学习算法', '视觉图像算法', 'Python']",20,南京建邺区,南京,建邺区
医学图像算法工程师,南京・鼓楼区・水佐岗,23-45K,'经验不限', '硕士',景三医疗,"['OpenCV', '图像识别经验', '医疗']",23,南京鼓楼区,南京,鼓楼区
高级图像算法工程师,南京・浦口区・江浦,20-30K,'3-5年', '本科',南京白利度科技,"['语音/图像识别', '算法']",20,南京浦口区,南京,浦口区
视觉算法工程师,南京・雨花台区・楚翘城,15-25K・14薪,'经验不限', '本科',泰治科技,"['C++', 'C#', '算法设计', '深度学习算法', '机器学习算法', '视觉图像算法']",15,南京雨花台区,南京,雨花台区
图像算法工程师,南京・鼓楼区・汉中门,10-15K・13薪,'1-3年', '本科',南京威翔科技有限公司,['图像算法'],10,南京鼓楼区,南京,鼓楼区
图像算法工程师,南京,20-40K,'5-10年', '硕士',某通信公司,"['语音/图像识别', 'Python', 'C/C++', 'TensorFlow/PyTorch', '计算机相关专业', '数学/统计相关专业', '机器学习算法/工程化经验']",20,南京,南京,
AI算法工程师、图像算法,南京,20-35K・15薪,'经验不限', '硕士',某知名互联网公司,"['语音/图像识别', 'OpenCV', '目标检测', '图像处理']",20,南京,南京,
图像算法负责人,南京・江宁区・百家湖,25-45K・13薪,'5-10年', '本科',众芯汉创,"['C/C++', 'Python', 'OpenCV', '图像识别经验', '遥感影像相关经验', 'OCR识别经验']",25,南京江宁区,南京,江宁区
图像算法工程师,南京・雨花台区・南京南站,25-50K,'1-3年', '硕士',江苏闪码光机电科技,"['视觉图像算法', '深度学习算法', '算法设计', 'C++', 'Python', '图像处理', 'OpenCV']",25,南京雨花台区,南京,雨花台区
图像算法工程师,南京・鼓楼区・中央门,15-30K,'3-5年', '本科',南瑞信通,"['业务导向', '语音/图像识别', 'Python', 'C/C++', 'OpenCV', '计算机相关专业', '数学/统计相关专业', '深度学习经验']",15,南京鼓楼区,南京,鼓楼区
图像算法工程师,南京・雨花台区・软件大道,15-26K,'经验不限', '硕士',轩宁信息,"['算法', '图像处理，C']",15,南京雨花台区,南京,雨花台区
图像算法工程师,南京,14-28K,'3-5年', '硕士',微纳科技研究院,"['C++', 'Python', '视觉图像算法', '图像处理', 'OpenCV']",14,南京,南京,
图像算法工程师,南京・建邺区・中胜,15-30K,'1-3年', '硕士',南京派光,"['C++', 'Python', '算法设计', '深度学习算法', '视觉图像算法']",15,南京建邺区,南京,建邺区
算法工程师（图像处理）,南京・六合区・西门,15-28K・15薪,'1-3年', '本科',基蛋生物,"['C++', 'Python', '算法设计', '视觉图像算法']",15,南京六合区,南京,六合区
图像算法工程师,南京,25-50K,'3-5年', '本科',某500强上市公司,"['C++', '深度学习算法', '视觉图像算法', '图像处理', 'OpenCV', '数据挖掘']",25,南京,南京,
图像算法工程师（深度学习方向）,南京・雨花台区・铁心桥,25-40K・13薪,'1-3年', '本科',卓宇智能,"['Python', '算法设计', '深度学习算法', '视觉图像算法', 'TensorFlow', 'PyTorch', 'Keras']",25,南京雨花台区,南京,雨花台区
AI算法工程师,南京・江宁区・禄口机场,18-35K・13薪,'3-5年', '硕士',拓恒技术,"['英文读写能力良好', 'C++', '视觉图像算法', '深度学习算法', '深度学习经验', 'PyTorch', 'MXNet', '机器学习算法/工程化经验', 'TensorFlow/PyTorch', '语音/图像识别', '业务导向', 'Python', 'TensorFlow']",18,南京江宁区,南京,江宁区
图像算法工程师,南京,20-40K・13薪,'3-5年', '硕士',某通信公司,"['Python', 'C/C++']",20,南京,南京,
AI算法工程师,南京・雨花台区・铁心桥,20-30K,'5-10年', '硕士',瞬联科技,"['C++', 'Python', '深度学习算法', '机器学习算法', '视觉图像算法', '英语', 'Pytorch']",20,南京雨花台区,南京,雨花台区
人工智能图像处理算法工程师,南京,20-40K・15薪,'经验不限', '本科',某大型电子公司,"['人工智能', '图像处理', '算法']",20,南京,南京,
图像算法工程师,南京,14-20K・14薪,'3-5年', '本科',木木西里,"['C++', '算法设计', '深度学习算法', '机器学习算法', '视觉图像算法', '图像处理']",14,南京,南京,
算法工程师,南京・浦口区・江浦,11-22K・13薪,'经验不限', '硕士',鸿程大数据,"['Python', '自然语言处理', '深度学习算法', '机器学习算法', 'TensorFlow', 'MXNet']",11,南京浦口区,南京,浦口区
图像识别工程师,南京・江宁区・百家湖,12-18K,'3-5年', '本科',云放科技,"['Python', 'C/C++', '图像识别经验']",12,南京江宁区,南京,江宁区
驱动工程师-图像,南京・江宁区・麒麟镇,15-25K・15薪,'在校/应届', '本科',清微智能,"['C/C++', '计算机相关专业']",15,南京江宁区,南京,江宁区
人工智能图像处理算法工程师,南京・建邺区・江心洲,25-50K・15薪,'3-5年', '本科',海飞科,"['CUDA', '图像算法', '图像处理']",25,南京建邺区,南京,建邺区
算法工程师,南京・雨花台区・铁心桥,20-40K・15薪,'3-5年', '本科',阳光电源,"['深度学习算法', '机器学习算法', 'Python', 'Java', '分布式技术', 'TensorFlow', 'PyTorch', '数据挖掘']",20,南京雨花台区,南京,雨花台区
图像算法工程师,南京,20-21K・13薪,'1-3年', '学历不限',某计算机软件公司,"['C/C++', 'linux', '编程']",20,南京,南京,
图像工程师,南京・浦口区・江浦,15-25K,'1-3年', '硕士',拓控股份,"['深度学习算法', '视觉图像算法', '算法设计', '机器学习算法', 'Python', 'C++', 'C#', '人工智能']",15,南京浦口区,南京,浦口区
ISP 图像工程师,南京,30-50K・16薪,'经验不限', '本科',某大型半导体公司,"['嵌入式技术', '算法设计']",30,南京,南京,
图像算法功工程师,南京・浦口区・江浦,15-25K,'1-3年', '本科',大翼航空,"['Python', 'OpenCV', '图像识别经验', '遥感影像相关经验', '人脸识别经验', 'keras', 'tensorflow', 'pytorch']",15,南京浦口区,南京,浦口区
图像算法工程师,南京・雨花台区・南京南站,14-23K,'1-3年', '本科',富仁高科,"['C++', '视觉图像算法', '算法设计']",14,南京雨花台区,南京,雨花台区
视觉算法工程师,南京,15-25K・13薪,'1-3年', '本科',某大型知名智能硬件上市公司,"['C++', '算法设计', '深度学习算法', '视觉图像算法']",15,南京,南京,
图像算法工程师,南京・雨花台区・宁南,16-20K,'1-3年', '硕士',云石医疗,"['研究导向', '语音/图像识别', 'C/C++', '计算机相关专业', '数学/统计相关专业', '深度学习经验']",16,南京雨花台区,南京,雨花台区
算法工程师,南京・江宁区・百家湖,18-23K・13薪,'1-3年', '硕士',圣享科技,"['算法设计', '深度学习算法', '机器学习算法', '视觉图像算法', 'PyTorch', '图像识别', '目标检测']",18,南京江宁区,南京,江宁区
图像处理技术总监,南京・雨花台区・铁心桥,20-35K,'经验不限', '硕士',数溪科技,"['人工智能', '深度学习', '数据分析']",20,南京雨花台区,南京,雨花台区
算法工程师,南京・栖霞区・仙林大学城,15-20K・14薪,'在校/应届', '硕士',AAC瑞声科技,"['无明显侧重', '语音/图像识别', 'MATLAB', 'Python', 'C/C++', '计算机相关专业', '数学/统计相关专业']",15,南京栖霞区,南京,栖霞区
图像算法工程师-知名上市企业-南京,南京,20-40K,'3-5年', '硕士',某大型智能硬件上市公司,"['C/C++', 'OpenCV', '图像处理', '图像增强']",20,南京,南京,
图像fpga工程师,南京,18-35K・14薪,'1-3年', '本科',某大型医疗设备公司,"['视频产品', '图像']",18,南京,南京,
ai算法工程师,南京,30-35K,'3-5年', '硕士',某知名互联网公司,"['业务导向', '语音/图像识别', 'C/C++', 'OpenCV', 'CNN/RNN/LSTM', '计算机相关专业', '数学/统计相关专业', '深度学习经验']",30,南京,南京,
图像算法工程师（21届、22届）,南京・栖霞区・马群,15-18K・13薪,'1-3年', '硕士',江苏思行达,['语音/图像识别'],15,南京栖霞区,南京,栖霞区
高级图像算法工程师,南京・浦口区・江浦,20-28K,'3-5年', '本科',北京海研,"['C#', 'Pytorch', 'OCR识别经验', 'OpenCV', 'TensorwFlo', '计算机相关专业', '图像识别经验']",20,南京浦口区,南京,浦口区
图像识别,南京・建邺区・奥体,14-28K,'1-3年', '硕士',土星视界,"['视觉图像算法', 'Python', '图像处理', 'PyTorch', 'TensorFlow', 'CNN', '图像检测', 'Transformer']",14,南京建邺区,南京,建邺区
算法工程师,南京,20-40K,'3-5年', '本科',某大型重工公司,"['研究导向', '语音/图像识别', '智能驾驶', '云计算', 'Java', 'C/C++', '计算机相关专业', '机器学习算法/工程化经验', '深度学习经验', '算法工程师']",20,南京,南京,
算法负责人-NLP/CV/语音/自动驾驶/搜索-NJ,南京,75-100K・15薪,'经验不限', '本科',某大型知名移动互联网上市公司,"['研究导向', '智能驾驶', '搜索/推荐', '语音/图像识别']",75,南京,南京,
算法工程师,南京,15-25K,'经验不限', '本科',某大型仪器仪表公司,['OpenCV'],15,南京,南京,
NLP/机器学习 算法工程师,南京・江宁区・秣陵,16-30K,'3-5年', '硕士',柯基数据,"['深度学习算法', '视觉图像算法', '算法设计', '机器学习算法', 'Python', 'TensorFlow', 'PyTorch', '文本分类']",16,南京江宁区,南京,江宁区
ai算法工程师,南京,25-35K,'3-5年', '本科',某知名互联网公司,"['C/C++', 'OpenCV', 'Python']",25,南京,南京,
算法工程师,南京・江宁区・百家湖,20-40K・14薪,'在校/应届', '本科',南栖仙策,"['C++', 'Python', '分布式技术', '深度学习算法', '机器学习算法']",20,南京江宁区,南京,江宁区
ai算法工程师,南京・玄武区・玄武门,20-30K,'3-5年', '本科',标达电子,"['深度学习', '机器学习', '数据挖掘']",20,南京玄武区,南京,玄武区
Camera图像算法集成工程师（南京）,南京・栖霞区・仙林大学城,20-25K・14薪,'经验不限', '学历不限',瑞声科技,['算法集成'],20,南京栖霞区,南京,栖霞区
算法工程师,南京・江宁区・百家湖,20-40K・14薪,'3-5年', '硕士',卡尔曼航天应用,"['C++', '算法基础', '运动控制算法']",20,南京江宁区,南京,江宁区
算法工程师（图像处理）,南京・六合区・西门,15-28K・15薪,'1-3年', '本科',基蛋生物,"['C++', 'Python', '算法设计', '视觉图像算法']",15,南京六合区,南京,六合区
图像算法工程师（21届、22届）,南京・栖霞区・马群,15-18K・13薪,'1-3年', '硕士',江苏思行达,['语音/图像识别'],15,南京栖霞区,南京,栖霞区
高级算法工程师,南京・江宁区・百家湖,20-40K・13薪,'经验不限', '本科',领鹊,"['C++', '算法设计', '深度学习算法', '视觉图像算法', '运动控制算法', 'TensorFlow', 'Caffe']",20,南京江宁区,南京,江宁区
算法工程师,南京・江宁区・百家湖,20-30K,'3-5年', '硕士',深兰科技,"['算法设计', 'C++', 'Python', '数据分析', '数据开发', '嵌入式技术', '搜索算法', '推荐算法']",20,南京江宁区,南京,江宁区
视觉定位算法工程师,南京・江宁区・胜太路,20-35K・15薪,'1-3年', '硕士',德赛西威,"['C/C++', 'SLAM', '定位算法', 'ROS系统']",20,南京江宁区,南京,江宁区
HPC算法工程师,南京・江宁区・大学城,20-30K,'3-5年', '本科',小视科技,"['深度学习', '目标检测', 'AI芯片算法移植']",20,南京江宁区,南京,江宁区
AI算法专家,南京,20-35K,'1-3年', '硕士',某知名通信公司,"['业务导向', '语音/图像识别', '深度学习经验', '机器学习算法/工程化经验', '图像识别', 'OCR', '图像质量']",20,南京,南京,
算法工程师,南京・雨花台区・软件大道,18-35K・14薪,'在校/应届', '本科',华为,"['研究导向', '搜索/推荐', '智能营销/广告', '语音/图像识别', 'Python', 'TensorFlow/PyTorch', 'CNN/RNN/LSTM']",18,南京雨花台区,南京,雨花台区
图像算法工程师,南京・雨花台区・铁心桥,20-30K・16薪,'3-5年', '本科',思源电气,"['视觉图像算法', '深度学习算法', '算法设计', '机器学习算法', '图像处理']",20,南京雨花台区,南京,雨花台区
图像算法专家,南京・玄武区・徐庄软件园,30-40K・16薪,'5-10年', '本科',同程旅行,"['TensorFlow/PyTorch', '人脸识别经验']",30,南京玄武区,南京,玄武区
图像算法工程师,南京・江宁区・胜太路,25-35K,'经验不限', '本科',经纬恒润,"['视觉图像算法', '图像处理', '算法设计', 'C语言', 'C++', '图像检测', '图像跟踪']",25,南京江宁区,南京,江宁区
图像算法工程师,南京,20-40K,'经验不限', '硕士',某大型智能硬件上市公司,"['深度学习经验', '机器学习算法/工程化经验']",20,南京,南京,
ai算法工程师,南京,20-40K・14薪,'3-5年', '硕士',某知名互联网公司,"['语音/图像识别', 'Python', 'OpenCV', 'TensorFlow/PyTorch']",20,南京,南京,
图像算法工程师,南京・雨花台区・铁心桥,20-40K,'5-10年', '硕士',佗道医疗,"['语音/图像识别', 'C/C++']",20,南京雨花台区,南京,雨花台区
图像算法工程师,南京・雨花台区・花生唐,20-35K・14薪,'3-5年', '硕士',智库智能,"['Python', 'C/C++', 'OpenCV', '图像识别经验']",20,南京雨花台区,南京,雨花台区
算法工程岗,南京,30-50K・20薪,'3-5年', '硕士',某国内知名互联网金融公司,"['R', 'C/C++', 'Python', '计算机相关专业', '数学/统计相关专业', '机器学习算法/工程化经验']",30,南京,南京,
图像算法工程师,南京,20-35K・15薪,'1-3年', '硕士',某大型器械公司,"['C++', '算法设计', '视觉图像算法']",20,南京,南京,
算法工程师,南京・秦淮区・苜蓿园,15-20K・14薪,'经验不限', '硕士',杰瑞电子,"['语音/图像识别', 'Python', 'Java']",15,南京秦淮区,南京,秦淮区
算法工程师,南京・江宁区・胜太路,20-30K・13薪,'3-5年', '硕士',德赛西威,"['研究导向', '智能驾驶', 'C/C++', 'MATLAB', 'OpenCV', '计算机相关专业', '数学/统计相关专业', 'SLAM', '视觉算法']",20,南京江宁区,南京,江宁区
视觉算法工程师,南京・栖霞区・尧化,20-30K・14薪,'3-5年', '硕士',创新奇智,"['C/C++', '视觉算法', 'Python']",20,南京栖霞区,南京,栖霞区
算法工程师,南京・江宁区・秣陵,18-25K・14薪,'1-3年', '本科',南京前知科技,"['生物医疗', 'C/C++', '计算机相关专业', '数学/统计相关专业', '图形', 'OpenGL']",18,南京江宁区,南京,江宁区
视觉算法工程师,南京・江宁区・大学城,20-35K・14薪,'经验不限', '硕士',筑领科技,"['C/C++', 'OpenCV', '图像识别经验', '点云处理', '三维重建']",20,南京江宁区,南京,江宁区
图像算法工程师,南京・江宁区・百家湖,20-30K,'3-5年', '本科',南京瑞德,['图形图像处理'],20,南京江宁区,南京,江宁区
slam算法工程师,南京,30-50K,'1-3年', '硕士',安徽集萃智造,"['算法设计', '视觉图像算法', '自然语言处理', '运动控制算法', 'C++', 'Python', '数据采集']",30,南京,南京,
算法开发工程师,南京・栖霞区・马群,25-45K・13薪,'3-5年', '本科',图灵人工智能研究院,"['Python', 'TensorFlow/PyTorch']",25,南京栖霞区,南京,栖霞区
NLP算法工程师,南京,18-35K・14薪,'经验不限', '硕士',万得,['自然语言处理'],18,南京,南京,
图像算法工程师,南京・建邺区・西善桥,20-30K・14薪,'3-5年', '硕士',南京小米,"['C++', 'Python', '算法设计', '深度学习算法', '机器学习算法', '视觉图像算法', '人脸识别', 'TensorFlow']",20,南京建邺区,南京,建邺区
算法工程师,南京・雨花台区・铁心桥,20-25K・13薪,'3-5年', '大专',润和软件,"['Python', 'TensorFlow/PyTorch']",20,南京雨花台区,南京,雨花台区
ai算法工程师,南京・鼓楼区・汉中路,20-30K,'3-5年', '硕士',博晟宇,"['TensorFlow/PyTorch', '深度学习经验', '机器学习算法/工程化经验']",20,南京鼓楼区,南京,鼓楼区
图像算法工程师,南京・建邺区・奥体,20-30K,'3-5年', '硕士',同方威视江苏,"['深度学习算法', '视觉图像算法', '算法设计', '机器学习算法', 'TensorFlow', 'PyTorch', 'Python', '人工智能']",20,南京建邺区,南京,建邺区
图像识别算法工程师,南京・建邺区・奥体,13-26K・13薪,'1年以内', '本科',泓图人工智能研究院,"['视觉图像算法', 'C++', 'Python', '图像处理', '图像分析', '图像跟踪', '图像检测', '算法设计']",13,南京建邺区,南京,建邺区
AI算法工程师,南京,20-25K・14薪,'3-5年', '硕士',某知名计算机软件公司,"['C/C++', 'OpenCV', 'CNN/RNN', '图像识别经验']",20,南京,南京,
图像处理算法工程师,南京・雨花台区・铁心桥,12-24K,'1-3年', '硕士',高视科技,"['视觉图像算法', '算法设计', 'C++', 'TensorFlow', 'PyTorch', 'CNN', 'opencv', 'halcon']",12,南京雨花台区,南京,雨花台区
算法工程师（图像）,南京,15-25K,'3-5年', '硕士',联著,"['算法设计', '深度学习算法', '视觉图像算法', '软件工程师', 'OCR']",15,南京,南京,
算法工程师,南京・浦口区・江浦,20-25K,'经验不限', '本科',应泰智能研究院,['算法设计'],20,南京浦口区,南京,浦口区
算法工程师（CV，NLP，机器，推荐搜索）,南京・雨花台区・安德门,27-50K,'3-5年', '本科',华为,"['深度学习算法', '机器学习算法', '视觉图像算法', '自然语言处理', '搜索算法', 'C++', 'Python']",27,南京雨花台区,南京,雨花台区
图像算法工程师,南京,70-100K・15薪,'经验不限', '本科',某大型电子公司,"['C++', 'Python', '深度学习算法', '机器学习算法', '视觉图像算法', '运动控制算法', '图像处理', 'SLAM']",70,南京,南京,
资深图像算法工程师,南京・栖霞区・摄山,30-50K・15薪,'3-5年', '硕士',出门问问,"['研究导向', '语音/图像识别', 'C/C++', 'OpenCV', 'TensorFlow/PyTorch', '深度学习经验', '图像生成，avatar']",30,南京栖霞区,南京,栖霞区
图像算法工程师,南京・浦口区・南京信息工程大学,15-24K,'1-3年', '本科',巨鲨医疗,"['算法设计', '视觉图像算法', 'Python']",15,南京浦口区,南京,浦口区
图像算法工程师,南京,25-40K,'3-5年', '硕士',某知名电力上市公司,"['Python', '分布式技术', '深度学习算法', '机器学习算法', '视觉图像算法', 'SQL', 'C++', '自然语言处理']",25,南京,南京,
图像算法,南京・玄武区・徐庄软件园,15-30K,'1-3年', '硕士',云思创智,"['机器学习', '深度学习', '算法']",15,南京玄武区,南京,玄武区
算法工程师,南京・浦口区・沿江,10-28K・16薪,'1-3年', '本科',南京霍普斯,"['算法设计', '深度学习算法', '机器学习算法', 'C++', 'C#']",10,南京浦口区,南京,浦口区
图像算法工程师,南京,25-50K,'1-3年', '硕士',某通信公司,"['研究导向', '语音/图像识别', 'OpenCV', 'Python', 'C/C++', '机器学习算法/工程化经验', '深度学习经验']",25,南京,南京,
算法工程师,南京・雨花台区・南京南站,30-35K・14薪,'3-5年', '硕士',江苏国强兴晟能源科技,"['研究导向', 'C/C++', '数学/统计相关专业', '机器学习算法/工程化经验', '深度学习经验']",30,南京雨花台区,南京,雨花台区
算法工程师,南京・雨花台区・宁南,18-25K・14薪,'5-10年', '硕士',中国系统,"['深度学习算法', '视觉图像算法', 'C++', 'Python', 'PyTorch']",18,南京雨花台区,南京,雨花台区
图像算法工程师,南京・秦淮区・洪家园,15-30K,'3-5年', '硕士',江苏微云,"['C++', '视觉图像算法', '深度学习算法', 'OpenCV', 'HALCON']",15,南京秦淮区,南京,秦淮区
算法工程师,南京・江宁区・开发区,20-40K,'1-3年', '硕士',南京智欧智能,"['计算机相关专业', '机器学习算法/工程化经验', '深度学习经验']",20,南京江宁区,南京,江宁区
高级／资深算法工程师,南京・栖霞区・仙林大学城,40-60K・14薪,'5-10年', '硕士',智谱科技,"['C++', 'Python', '算法设计', '深度学习算法', '视觉图像算法']",40,南京栖霞区,南京,栖霞区
算法工程师,南京・江宁区・东善桥,20-30K,'1-3年', '硕士',拓攻,"['算法设计', 'C++']",20,南京江宁区,南京,江宁区
算法实现工程师,南京・江宁区・开发区,18-30K・14薪,'3-5年', '硕士',南京慧尔视,"['C++', '算法设计', 'C语言', '机器学习算法', '嵌入式技术', 'Ros']",18,南京江宁区,南京,江宁区
算法工程师,南京・浦口区・沿江,20-25K,'3-5年', '本科',赛诺贝斯,"['业务导向', '云计算', 'Python', 'R', 'Hadoop/Hive/Spark', '机器学习算法/工程化经验', '数学/统计相关专业', '计算机相关专业']",20,南京浦口区,南京,浦口区
图像算法工程师（机器人）,南京,20-35K・15薪,'5-10年', '硕士',某大型智能硬件公司,"['视觉图像算法', '算法设计', 'C++', '图像处理', 'OpenCV', '机器人']",20,南京,南京,
机器视觉算法工程师,南京・江宁区・东山,15-30K・14薪,'3-5年', '硕士',帝感,"['深度学习算法', '视觉图像算法', 'Python', 'C++', 'TensorFlow', 'Caffe']",15,南京江宁区,南京,江宁区
图像算法工程师,南京・雨花台区・铁心桥,15-25K,'1-3年', '硕士',昆岳互联,"['C++', 'Python', '深度学习算法', '视觉图像算法', '图像处理', 'OpenCV', '图像检测', 'TensorFlow']",15,南京雨花台区,南京,雨花台区
图像测试工程师,南京・雨花台区・宁南,11-18K,'1-3年', '本科',虹亚,"['系统测试', '软件测试', 'camera', '图像']",11,南京雨花台区,南京,雨花台区
算法工程师,南京・江宁区・百家湖,25-40K,'3-5年', '硕士',南京力孔,"['C/C++', 'TensorFlow/PyTorch', '机器学习算法/工程化经验', '无明显侧重', '智能驾驶']",25,南京江宁区,南京,江宁区
算法工程师,南京・建邺区・奥体,23-35K,'1-3年', '本科',CIC灼识咨询,"['Java', 'SQL', '搜索引擎技术', '自然语言处理', '深度学习算法', '机器学习算法', '推荐算法', '数据分析']",23,南京建邺区,南京,建邺区
算法工程师,南京・雨花台区・软件大道,15-30K・14薪,'经验不限', '本科',华为云计算,"['Hadoop/Hive/Spark', 'Python', 'NLP', '机器学习', '深度学习']",15,南京雨花台区,南京,雨花台区
算法工程师,南京・浦口区・高新区,15-30K・13薪,'1-3年', '本科',海平面,"['机器学习算法', 'Shell', '数据挖掘', '数据分析', 'Spark', 'Python', 'SQL', '人工智能']",15,南京浦口区,南京,浦口区
算法工程师,南京・建邺区・奥体,13-25K・13薪,'1-3年', '本科',西安识庐慧图,"['业务导向', '风控/反欺诈', 'Python', 'TensorFlow/PyTorch', 'CNN/RNN/LSTM', '机器学习算法/工程化经验', '深度学习经验', '计算机相关专业', '图神经网络']",13,南京建邺区,南京,建邺区
图像高级工程师,南京・建邺区・奥体,30-50K,'5-10年', '硕士',亿猫科技,"['C++', 'Python', '算法设计', '深度学习算法', '视觉图像算法', 'TensorFlow', 'PyTorch', 'Caffe']",30,南京建邺区,南京,建邺区
算法工程师,南京・浦口区・高新区,18-22K,'1-3年', '硕士',知承企业管理,"['云计算', 'Python', 'C/C++', 'Java', '计算机相关专业', '深度学习经验', '机器学习算法/工程化经验']",18,南京浦口区,南京,浦口区
DSP算法软件工程师,南京・浦口区・沿江,21-40K・14薪,'1-3年', '硕士',南京中感微,['C'],21,南京浦口区,南京,浦口区
图形图像测试设计专家,南京,80-90K,'5-10年', '硕士',某大型知名消费电子公司,"['Java', '计算机相关专业', '开发经验', '手游测试经验', 'Android/Linux', 'GPU', '图形']",80,南京,南京,
图像识别,南京・建邺区・西善桥,25-40K,'3-5年', '硕士',小米,"['TensorFlow/PyTorch', 'OpenCV', '计算机相关专业', '图像识别经验']",25,南京建邺区,南京,建邺区
nlp算法工程师,南京・浦口区・高新区,15-25K,'3-5年', '本科',诚迈电力信息,"['Python', 'TensorFlow', 'PyTorch']",15,南京浦口区,南京,浦口区
图像算法开发工程师,南京,15-30K,'1-3年', '硕士',黎创智能装备,"['C++', '视觉图像算法', '图像处理', '图像分析']",15,南京,南京,
算法工程师,南京・栖霞区・尧化,35-40K・14薪,'1-3年', '硕士',深赛科技,"['业务导向', '语音/图像识别', 'TensorFlow/PyTorch', '深度学习经验']",35,南京栖霞区,南京,栖霞区
图像算法工程师,南京,15-30K・14薪,'3-5年', '本科',某大型医疗设备公司,"['C++', 'Python', '深度学习算法', '机器学习算法', '视觉图像算法', '图像处理']",15,南京,南京,
算法工程师,南京・江宁区・开发区,13-16K・14薪,'3-5年', '本科',高知特智能技术,"['Python', '机器学习算法/工程化经验']",13,南京江宁区,南京,江宁区
算法工程师,南京・雨花台区・软件大道,18-30K・13薪,'经验不限', '本科',擎盾集团,"['自然语言处理', '人工智能', '大数据', '深度学习算法', '机器学习算法']",18,南京雨花台区,南京,雨花台区
图像算法工程师,南京,20-40K,'1-3年', '硕士',某通信公司,"['C/C++', 'Python', '图像识别经验', '人脸识别经验', '遥感影像相关经验']",20,南京,南京,
图像算法工程师,南京・雨花台区・铁心桥,18-35K,'3-5年', '本科',南京图思灵,"['C/C++', 'Python', 'TensorFlow/PyTorch', '计算机相关专业', '数学/统计相关专业', '图像识别经验', '算法设计', '视觉图像算法', '深度学习算法', 'Python']",18,南京雨花台区,南京,雨花台区
知识图谱算法工程师,南京・雨花台区・铁心桥,20-30K・13薪,'3-5年', '硕士',科大智能,"['Python', '知识图谱', '自然语言', '深度学习']",20,南京雨花台区,南京,雨花台区
高级图像算法工程师,南京・玄武区・红山,18-35K・14薪,'经验不限', '本科',无右微创,"['ISP', '去噪', '3A算法', '图像增强', '3A']",18,南京玄武区,南京,玄武区
图像算法工程师,南京,20-40K・14薪,'3-5年', '硕士',某大型AIot高科技公司,"['C++', '视觉图像算法', '嵌入式技术', '深度学习算法', '深度学习经验', 'C/C++', 'PyTorch', 'TensorFlow/PyTorch', 'Caffe', '语音/图像识别', '无明显侧重', 'Python', 'TensorFlow']",20,南京,南京,
图像算法工程师,南京,18-35K・14薪,'1-3年', '本科',某大型计算机软件公司,"['研究导向', 'Python', 'C/C++', 'MATLAB', '图像处理']",18,南京,南京,
AI算法工程师,南京・雨花台区・楚翘城,15-24K,'3-5年', '硕士',百音高科,"['分布式技术', '算法设计', '自然语言处理', '深度学习算法', '机器学习算法', 'TensorFlow', 'Caffe', 'MXNet']",15,南京雨花台区,南京,雨花台区
高级算法工程师,南京,16-25K・14薪,'3-5年', '本科',朗新科技,"['业务导向', '搜索/推荐', 'Python', '深度学习经验', '机器学习算法/工程化经验', '计算机相关专业']",16,南京,南京,
人工智能算法工程师,南京・雨花台区・宁南,15-25K,'1-3年', '硕士',中兴飞流,"['C/C++', 'Java', 'Python', '计算机相关专业', '机器学习算法/工程化经验', '深度学习经验', '语音/图像识别']",15,南京雨花台区,南京,雨花台区
算法工程师,南京・浦口区・高新区,28-35K,'3-5年', '本科',正声电力,"['业务导向', '语音/图像识别', 'Python', 'TensorFlow/PyTorch', '数学/统计相关专业', '机器学习算法/工程化经验']",28,南京浦口区,南京,浦口区
AI  NLP算法专家,南京,50-80K,'5-10年', '硕士',某知名企业,"['算法设计', '深度学习算法', '机器学习算法', '情感分析', '文本分类', '实体识别', '机器翻译', '知识图谱']",50,南京,南京,
图像信号处理工程师,南京,13-26K,'1-3年', '本科',埃米科技,"['C/C++', 'OpenCV']",13,南京,南京,
图像算法工程师,南京,20-40K,'3-5年', '硕士',某通信公司,"['C/C++', 'Python', 'TensorFlow/PyTorch', 'Darkne', '机器学习', '深度学习']",20,南京,南京,
图像高级工程师,南京・建邺区・奥体,30-50K,'5-10年', '硕士',亿猫科技,"['C++', 'Python', '算法设计', '深度学习算法', '视觉图像算法', 'TensorFlow', 'PyTorch', 'Caffe']",30,南京建邺区,南京,建邺区
知识图谱算法工程师,南京・雨花台区・铁心桥,20-30K・13薪,'3-5年', '硕士',科大智能,"['Python', '知识图谱', '自然语言', '深度学习']",20,南京雨花台区,南京,雨花台区
算法工程师,南京・雨花台区・铁心桥,18-22K・14薪,'1-3年', '本科',百家云,"['深度学习算法', '视觉图像算法', '算法设计', '机器学习算法', 'C++', 'Python', 'TensorFlow', 'PyTorch']",18,南京雨花台区,南京,雨花台区
算法工程师,南京・雨花台区・铁心桥,15-25K・13薪,'1-3年', '硕士',凯奥思数据,"['Python', 'TensorFlow/PyTorch', '数学/统计相关专业', '计算机相关专业']",15,南京雨花台区,南京,雨花台区
算法工程师（CV，NLP，机器，推荐搜索）,南京・雨花台区・安德门,27-50K,'3-5年', '本科',华为,"['深度学习算法', '机器学习算法', '视觉图像算法', '自然语言处理', '搜索算法', 'C++', 'Python']",27,南京雨花台区,南京,雨花台区
自然语言处理算法工程师,南京・鼓楼区・华侨路,15-21K・14薪,'3-5年', '硕士',江苏鸿信,"['Python', 'C/C++', 'PyTorch', '自然语言处理项目经验', '深度学习']",15,南京鼓楼区,南京,鼓楼区
算法工程师,南京・栖霞区・尧化,35-40K・14薪,'1-3年', '硕士',深赛科技,"['业务导向', '语音/图像识别', 'TensorFlow/PyTorch', '深度学习经验']",35,南京栖霞区,南京,栖霞区
算法工程师,南京・江宁区・南京南站,14-28K,'1-3年', '本科',家康众智,"['Python', 'C/C++', '数学/统计相关专业', '计算机相关专业', '机器学习算法/工程化经验']",14,南京江宁区,南京,江宁区
高级图像算法工程师,南京・建邺区・奥体,12-24K,'3-5年', '本科',镁客网,"['C++', '视觉图像算法', '图像检测', 'OpenCV', 'TensorFlow']",12,南京建邺区,南京,建邺区
图像算法工程师,南京,18-35K・14薪,'3-5年', '本科',某大型移动互联网公司,"['图像算法', 'C++']",18,南京,南京,
图像算法工程师,南京・秦淮区・洪家园,15-25K,'3-5年', '本科',宏申,"['C#', 'C++', 'OpenCV', '算法设计', '视觉图像算法', '语音/图像识别', '业务导向']",15,南京秦淮区,南京,秦淮区
算法工程师,南京・雨花台区・铁心桥,15-25K・13薪,'3-5年', '硕士',中新赛克,"['Python', '网络安全', 'AI']",15,南京雨花台区,南京,雨花台区
图像算法工程师,南京,18-30K,'3-5年', '硕士',翰林正川,"['数学/统计相关专业', '计算机相关专业', '图像识别经验', '图像处理', '视频处理', '机器学习']",18,南京,南京,
算法工程师,南京・江宁区・东山,10-20K,'经验不限', '硕士',雅泰歌思,"['大数据算法', 'matlab']",10,南京江宁区,南京,江宁区
图像算法总监,南京・江宁区・东山,20-30K・13薪,'5-10年', '本科',南京创智出彩,"['C/C++', 'OpenCV', 'TensorFlow/PyTorch']",20,南京江宁区,南京,江宁区
AI/图像处理算法工程师,南京・江宁区・东善桥,15-30K,'1-3年', '本科',苏京机器人,"['深度学习算法', '视觉图像算法', 'C++', '人工智能', '机器人']",15,南京江宁区,南京,江宁区
图像算法工程师,南京,15-30K・15薪,'3-5年', '本科',某大型医疗设备公司,"['研究导向', '语音/图像识别', '生物医疗', 'C/C++', '数学/统计相关专业']",15,南京,南京,
图像 算法工程师,南京,20-30K・16薪,'3-5年', '硕士',某网络设备公司,"['业务导向', '语音/图像识别', '计算机相关专业', '机器学习算法/工程化经验', '英文读写能力良好']",20,南京,南京,
图像算法工程师,南京・雨花台区・铁心桥,15-30K,'1-3年', '硕士',华群光电,"['视觉图像算法', '深度学习算法', '自然语言处理', 'Python', 'TensorFlow']",15,南京雨花台区,南京,雨花台区
图像工程师,南京,30-60K,'经验不限', '硕士',某互联网公司,"['红外', '图像算法', '探测器']",30,南京,南京,
算法工程师,南京・玄武区・孝陵卫,12-20K・13薪,'1-3年', '本科',陆加壹智能,"['C/C++', 'Python', '计算机相关专业', '深度学习经验', '机器学习算法/工程化经验']",12,南京玄武区,南京,玄武区
图像算法高级工程师,南京・雨花台区・板桥,15-20K・13薪,'3-5年', '本科',南京卓胜,['自动化测试经验'],15,南京雨花台区,南京,雨花台区
医学图像处理工程师,南京・雨花台区・板桥,20-30K・13薪,'5-10年', '本科',致远慧图,"['C/C++', 'OpenCV', 'MATLAB', '数学/统计相关专业', '图像识别经验']",20,南京雨花台区,南京,雨花台区
算法工程师,南京・玄武区・总统府,12-20K・13薪,'经验不限', '硕士',先趋医疗,"['研究导向', '语音/图像识别', '云计算', 'Python', 'C/C++', '计算机相关专业', '机器学习算法/工程化经验', '深度学习经验', '嵌入式软件']",12,南京玄武区,南京,玄武区
CV算法专家,南京・雨花台区・铁心桥,40-70K・15薪,'5-10年', '硕士',比特微,"['图像算法', '视觉算法', '深度学习']",40,南京雨花台区,南京,雨花台区
图像算法工程师,南京・栖霞区・新港开发区,20-25K・14薪,'经验不限', '本科',的卢技术,"['算法设计', '深度学习算法', '机器学习算法', 'C++', 'Python', 'TensorFlow', 'PyTorch', 'Caffe']",20,南京栖霞区,南京,栖霞区
算法工程师,南京・秦淮区・瑞金路,20-30K,'3-5年', '硕士',南京未来物联,"['机器学习算法', '视觉图像算法', 'TensorFlow', 'PyTorch', 'C语言', 'Python']",20,南京秦淮区,南京,秦淮区
图像算法工程师,南京・雨花台区・小行,20-40K,'1-3年', '本科',vivo,['视觉图像算法'],20,南京雨花台区,南京,雨花台区
算法工程师,南京,22-40K・14薪,'3-5年', '本科',某大型电子公司,"['语音/图像识别', 'TensorFlow/PyTorch', '编程语言', '机器学习、深度学习']",22,南京,南京,
算法工程师,南京,20-40K,'3-5年', '本科',某大型机械设备公司,"['业务导向', '语音/图像识别', '智能驾驶', 'C/C++', 'MATLAB', 'TensorFlow/PyTorch', '计算机相关专业', '深度学习经验', '机器学习算法/工程化经验', '三维重现 机器人', '路劲规划 控制 高精度', '点云 单双目 3D']",20,南京,南京,
视频图像效果优化算法,南京,28-55K・18薪,'经验不限', '本科',某知名企业,"['视频', '视效算法', '视频图像处理', 'AI视频']",28,南京,南京,
图像处理算法工程师,南京・浦口区・江浦,20-40K,'经验不限', '本科',芯视界,"['深度学习算法', '视觉图像算法', '图像处理', 'OpenCV']",20,南京浦口区,南京,浦口区
图像算法助理工程师,南京・江宁区・百家湖,10-15K・14薪,'经验不限', '硕士',南京光衡科技有限公司,"['视觉图像算法', 'C++', 'C#', '图像处理', '图像检测', '图像分析', 'OpenCV', 'HALCON']",10,南京江宁区,南京,江宁区
图像处理算法工程师,南京,15-20K・13薪,'1-3年', '硕士',国科软件,"['视觉图像算法', '深度学习算法', '算法设计', '机器学习算法', 'C++', 'Python', 'CNN', '图像处理']",15,南京,南京,
图像算法工程师,南京・浦口区・南京信息工程大学,20-35K,'1-3年', '本科',沃福曼医疗,"['C++', '算法设计', '深度学习算法', '机器学习算法', '视觉图像算法']",20,南京浦口区,南京,浦口区
图像算法工程师,南京,18-30K・13薪,'1-3年', '硕士',深瑞汇阳,"['C++', 'Python', '算法设计', '深度学习算法', '机器学习算法', '视觉图像算法', '图像处理', '图像检测']",18,南京,南京,
算法工程师,南京・雨花台区・板桥,15-30K,'1-3年', '本科',南京铖联,"['算法设计', 'C++', 'Python', 'C#', 'C语言', 'vtk']",15,南京雨花台区,南京,雨花台区
图像算法工程师,南京,20-40K,'5-10年', '硕士',某通信公司,"['C/C++', 'TensorFlow/PyTorch', 'OpenCV', '图像识别经验', 'OCR识别经验']",20,南京,南京,
算法工程师,南京・雨花台区・宁南,15-25K,'3-5年', '本科',创数,"['深度学习算法', '算法设计', '机器学习算法', '数据挖掘', '量化']",15,南京雨花台区,南京,雨花台区
自然语言算法专家,南京・浦口区・江浦,25-40K・13薪,'3-5年', '硕士',博泰车联网,"['自然语言处理', '深度学习', '机器学习']",25,南京浦口区,南京,浦口区
算法工程师,南京・浦口区・江浦,25-40K・13薪,'5-10年', '本科',江苏恒通国际货运...,['算法'],25,南京浦口区,南京,浦口区
算法实现工程师,南京・江宁区・开发区,18-30K・14薪,'3-5年', '硕士',南京慧尔视,"['C++', '算法设计', 'C语言', '机器学习算法', '嵌入式技术', 'Ros']",18,南京江宁区,南京,江宁区
NLP高级算法工程师,南京・浦口区・江浦,18-22K・13薪,'3-5年', '硕士',金惠甫山,"['Python', '推荐系统', 'TensorFlow', '聊天机器人', '语义分析', '机器学习算法', '自动问答', '深度学习算法']",18,南京浦口区,南京,浦口区
算法工程师,南京,30-60K・15薪,'经验不限', '硕士',某大型知名证券公司,"['业务导向', '语音/图像识别', 'C/C++', 'Python', 'Java', '机器学习算法/工程化经验', '深度学习经验']",30,南京,南京,
高级图像识别算法工程师,南京・雨花台区・铁心桥,25-50K・13薪,'5-10年', '本科',江苏高瞻,"['C++', 'Python', 'Go', '算法设计', '深度学习算法', '机器学习算法', '视觉图像算法', 'TensorFlow']",25,南京雨花台区,南京,雨花台区
算法工程师,南京・雨花台区・铁心桥,15-25K,'1-3年', '硕士',清能互联科技,"['C++', '算法设计']",15,南京雨花台区,南京,雨花台区
算法总工,南京・雨花台区・铁心桥,30-60K・13薪,'5-10年', '本科',奥特酷,['TensorFlow/PyTorch'],30,南京雨花台区,南京,雨花台区
算法工程师,南京・江宁区・同曦,20-40K,'5-10年', '本科',海汇装备,"['C++', '算法设计', '自然语言处理', '深度学习算法', '机器学习算法', 'CNN']",20,南京江宁区,南京,江宁区
算法工程师,南京・江宁区・胜太路,18-30K,'3-5年', '硕士',南京智能工业软件,"['C/C++', '算法', '压缩', 'OpenCV', 'CAE', '研究导向', '语音/图像识别', '数学/统计相关专业']",18,南京江宁区,南京,江宁区
图像算法工程师,南京・雨花台区・软件大道,12-24K・13薪,'1-3年', '本科',南京睿智,"['视觉图像算法', '深度学习算法']",12,南京雨花台区,南京,雨花台区
人工智能算法,南京,25-50K,'经验不限', '本科',某大型计算机服务公司,"['Python', '算法设计', '深度学习算法', '机器学习算法', '视觉图像算法', 'TensorFlow', 'PyTorch', 'Keras']",25,南京,南京,
算法工程师,南京,20-40K,'1-3年', '本科',某大型机械设备公司,"['机器学习算法/工程化经验', '人工智能']",20,南京,南京,
图像算法工程师,南京・江宁区・九龙湖,6-11K,'经验不限', '本科',稻源科技集团,"['计算机相关专业', '图像识别经验']",6,南京江宁区,南京,江宁区
图像算法工程师,南京,20-35K・15薪,'3-5年', '本科',某大型智能硬件上市公司,"['C/C++', 'OpenCV']",20,南京,南京,
算法工程师,南京・雨花台区・南京南站,17-18K,'1-3年', '本科',云秒科技,"['C++', '算法基础', '算法设计', '深度学习算法', '自然语言处理', 'TensorFlow', 'PyTorch']",17,南京雨花台区,南京,雨花台区
算法工程师,南京・建邺区・中胜,15-25K・14薪,'1-3年', '本科',中盈优创,"['深度学习算法', '算法基础', '自然语言处理', '视觉图像算法', '语音算法', '机器学习算法']",15,南京建邺区,南京,建邺区
算法工程师,南京・浦口区・沿江,20-40K,'3-5年', '本科',提米科技,"['C++', 'Python', '算法设计', '深度学习算法', '视觉图像算法', 'TensorFlow', 'PyTorch']",20,南京浦口区,南京,浦口区
算法工程师,南京,20-40K,'5-10年', '本科',江苏引跑网络科技...,"['深度学习算法', '视觉图像算法', '自然语言处理', '算法设计', 'C++', 'Python', 'TensorFlow', 'PyTorch']",20,南京,南京,
ocr算法工程师,南京・浦口区・高新区,15-30K・14薪,'经验不限', '本科',未来脑科技,['OCR识别经验'],15,南京浦口区,南京,浦口区
图像识别,南京・雨花台区・铁心桥,12-18K,'3-5年', '大专',艾维克,"['视觉图像算法', '视频算法', 'C++', '图像处理', 'Python', 'Go', '人脸识别', 'OpenCV']",12,南京雨花台区,南京,雨花台区
图像算法工程师,南京,11-22K,'3-5年', '本科',波长光电,"['视觉图像算法', '人脸识别', '图像算法', '图像处理', '红外图像', 'Opencv']",11,南京,南京,
算法工程师,南京・浦口区・沿江,20-40K・14薪,'1-3年', '本科',牧镭激光,"['算法设计', 'C++', 'Java', '数据分析']",20,南京浦口区,南京,浦口区
高级算法工程师,南京・雨花台区・铁心桥,15-25K,'3-5年', '硕士',江苏紫喻,"['深度学习算法', '视觉图像算法', '自然语言处理']",15,南京雨花台区,南京,雨花台区
多媒体算法专家(3A方向)-南京/上海,南京,70-100K・15薪,'5-10年', '本科',某知名移动互联网公司,"['业务导向', '语音/图像识别', 'C/C++', 'Python', '机器学习算法/工程化经验', '计算机相关专业', 'HDR sensor', '曝光算法', '图像算法']",70,南京,南京,
图像算法工程师,南京,17-30K,'1-3年', '硕士',南京迪飞,"['C++', 'C语言', '视觉图像算法', '图像处理', 'HALCON', 'OpenCV']",17,南京,南京,
深度学习图像算法工程师,南京,15-30K,'1-3年', '本科',阅面科技,"['深度学习算法', '视觉图像算法', 'Python', 'C++', 'CNN', 'Caffe', 'PyTorch', 'TensorFlow']",15,南京,南京,
NLP算法工程师,南京,25-30K・16薪,'3-5年', '硕士',某大型计算机软件公司,"['Java', 'Python', 'Go', '算法设计', '深度学习算法', '机器学习算法', '数据挖掘']",25,南京,南京,
nlp算法专家,南京・雨花台区・小行,40-70K・18薪,'5-10年', '硕士',万物云佛山代表处,"['计算机相关专业', '数学/统计相关专业']",40,南京雨花台区,南京,雨花台区
算法工程师,南京・江宁区・欧尚,15-30K,'1-3年', '本科',南京五采智电,"['C++', 'Python', '算法设计', '深度学习算法', '视觉图像算法', 'CNN', '视频算法']",15,南京江宁区,南京,江宁区
高级NLP算法工程师,南京・雨花台区・宁南,35-50K,'5-10年', '硕士',硅基智能,['NLP 算法'],35,南京雨花台区,南京,雨花台区
NLP算法专家,南京・雨花台区・小行,40-70K・18薪,'经验不限', '硕士',荣耀终端有限公司,"['知识图谱相关经验', '自然语言处理项目经验', 'NLP', '对话系统']",40,南京雨花台区,南京,雨花台区
算法工程师,南京・雨花台区・小行,10-15K,'经验不限', '本科',航天宏图,"['C++', 'Python', '算法设计', '深度学习算法', 'TensorFlow', 'PyTorch']",10,南京雨花台区,南京,雨花台区
NLP算法工程师,南京・秦淮区・秦虹,15-30K・14薪,'经验不限', '本科',新奇智能,"['自然语言处理', '深度学习算法', 'Python', '人工智能', '大数据', '数据分析']",15,南京秦淮区,南京,秦淮区
算法工程师,南京・建邺区・奥体,20-30K・20薪,'3-5年', '硕士',东北证券股份有限...,"['Python', 'Java', '深度学习算法', '推荐算法', 'TensorFlow', 'PyTorch', '数据挖掘', 'Spark']",20,南京建邺区,南京,建邺区
算法工程师,南京・江宁区・胜太路,16-30K,'3-5年', '硕士',纳特通信,"['C++', '算法设计', 'C语言']",16,南京江宁区,南京,江宁区
算法工程师,南京,10-15K,'3-5年', '本科',慧筑研究院,"['深度学习算法', '视觉图像算法', '视频算法', '人工智能', 'TensorFlow', 'PyTorch']",10,南京,南京,
图像算法工程师,南京・玄武区・徐庄软件园,12-15K・14薪,'1-3年', '硕士',爱笛无人机,"['深度学习算法', '视觉图像算法', 'C++', 'Python', 'PyTorch', 'Caffe', 'TensorFlow']",12,南京玄武区,南京,玄武区
【兼职】自动驾驶 算法工程师,南京・秦淮区・来凤,5-7K,'1-3年', '硕士',拜师教育,"['算法设计', '视觉图像算法', 'C++', 'Python', '嵌入式技术']",5,南京秦淮区,南京,秦淮区
高级图像算法工程师,南京・江宁区・秣陵,29-55K,'3-5年', '本科',杰普森,"['C/C++', '图像识别经验', 'OCR识别经验']",29,南京江宁区,南京,江宁区
算法工程师,南京・玄武区・徐庄软件园,20-40K・14薪,'经验不限', '本科',苏宁易购,"['深度学习算法', '搜索算法', 'Python', 'Java', '数据挖掘', 'TensorFlow', '自然语言处理']",20,南京玄武区,南京,玄武区
算法工程师,南京,30-40K・14薪,'1-3年', '大专',某互联网公司,"['Java', 'C++', 'Python', '算法设计', '深度学习算法', '视觉图像算法', 'PyTorch']",30,南京,南京,
图像识别,南京・江宁区・将军大道,11-22K,'1-3年', '本科',航视电子,"['深度学习', '图像处理', '图像识别']",11,南京江宁区,南京,江宁区
图像算法,南京,20-35K,'1-3年', '本科',某大型移动互联网公司,"['C/C++', 'Python', '计算机相关专业', '图像识别经验']",20,南京,南京,
屏显算法工程师,南京・建邺区・奥体,30-60K,'经验不限', '本科',OPPO,"['无明显侧重', 'MATLAB', 'OpenCV', 'TensorFlow/PyTorch', '计算机相关专业', '有国际期刊/会议论文发表', '英文读写能力良好']",30,南京建邺区,南京,建邺区
算法工程师,南京・浦口区・高新区,20-30K・13薪,'3-5年', '本科',亚派科技,"['Java', 'Python']",20,南京浦口区,南京,浦口区
图像算法高级工程师,南京・玄武区・红山,15-30K・14薪,'1-3年', '本科',邦士医疗,['ISP/3A算法经验'],15,南京玄武区,南京,玄武区
AI NLP算法专家18+,南京,35-60K・16薪,'经验不限', '本科',某大型知名消费电子公司,"['机器学习算法/工程化经验', 'NLP']",35,南京,南京,
算法工程师,南京,22-35K・13薪,'3-5年', '本科',某大型其他行业公司,"['业务导向', '风控/反欺诈', '智能营销/广告', 'Java', 'Python', 'R']",22,南京,南京,
定位算法,南京,25-40K・14薪,'3-5年', '本科',某大型知名汽车生产上市公司,"['业务导向', '智能驾驶', 'C/C++', '计算机相关专业', '机器学习算法/工程化经验', '深度学习经验']",25,南京,南京,
算法工程师,南京,20-35K,'经验不限', '本科',某大型模具公司,"['C/C++', 'ROS', 'slam']",20,南京,南京,
NLP算法工程师,南京・建邺区・万达金街,20-40K・15薪,'经验不限', '本科',荣耀南京,"['深度学习算法', '自然语言处理', '机器学习算法', '推荐算法', '人工智能', '语音算法']",20,南京建邺区,南京,建邺区
高级硬件工程师（图像/成像超声方向）,南京・雨花台区・铁心桥,18-25K,'1-3年', '本科',麦澜德,"['DSP', '硬件项目管理经验', '安防', '芯片/半导体/集成电路', 'FPGA', '硬件开发经验']",18,南京雨花台区,南京,雨花台区
算法工程师,南京・浦口区・沿江,8-13K・15薪,'1-3年', '本科',新环光电,"['算法设计', '数据分析', 'Python']",8,南京浦口区,南京,浦口区
算法工程师,南京・秦淮区・新街口,20-40K,'经验不限', '本科',九算优化 NM OPTIM,"['C++', 'Java', '算法设计', '数据分析']",20,南京秦淮区,南京,秦淮区
资深多媒体算法工程师,南京,40-70K・16薪,'经验不限', '硕士',某知名集成电路公司,"['C/C++', 'ISP/3A算法经验', '图像算法', '多媒体算法', 'ISP', '图像识别经验', 'MATLAB']",40,南京,南京,
规划导航算法,南京・雨花台区・铁心桥,28-55K・15薪,'3-5年', '硕士',腾讯,['规划'],28,南京雨花台区,南京,雨花台区
算法工程师,南京・江宁区・胜太路,30-60K・13薪,'3-5年', '硕士',美乐威电子,"['ISP算法', '视频编解码', '3A算法', 'HDR算法', 'H265', 'H264', 'AV1']",30,南京江宁区,南京,江宁区
算法工程师,南京,20-40K,'3-5年', '本科',某大型机电公司,['C/C++'],20,南京,南京,
高级/资深算法工程师（NLP）,南京・雨花台区・铁心桥,25-40K・14薪,'3-5年', '硕士',SHEIN,"['Python', 'TensorFlow', 'PyTorch', '计算机相关专业', '自然语言处理项目经验']",25,南京雨花台区,南京,雨花台区
算法工程师,南京・玄武区・徐庄软件园,15-22K・14薪,'3-5年', '硕士',中元汇吉,"['医疗器械', '信号算法']",15,南京玄武区,南京,玄武区
高级算法工程师,南京,20-35K・15薪,'3-5年', '硕士',某知名医疗健康公司,"['Java', 'C/C++', '医疗影像', '生信分析', '通信和遥感']",20,南京,南京,
GIS算法,南京,25-50K・13薪,'5-10年', '本科',某大型智能硬件公司,"['Java', 'Python', 'C/C++', 'GIS']",25,南京,南京,
算法工程师,南京,30-60K・14薪,'经验不限', '本科',某仪器仪表公司,"['业务导向', '感知算法', '规划导航', 'SLAM']",30,南京,南京,
AI NLP算法专家,南京,35-55K・16薪,'5-10年', '硕士',某500强上市公司,"['TensorFlow', 'Python', '知识图谱相关经验']",35,南京,南京,
气象算法师,南京,10-15K・14薪,'1-3年', '硕士',浦蓝,"['气象', 'Python', '数值模式']",10,南京,南京,
视频编解码算法工程师,南京・玄武区・徐庄软件园,25-50K,'3-5年', '硕士',中星技术,['C/C++'],25,南京玄武区,南京,玄武区
ISP算法工程师,南京,30-60K・16薪,'1-3年', '本科',某大型半导体公司,"['C++', 'Python', '音视频编解码', '算法设计', '深度学习算法', '视觉图像算法']",30,南京,南京,
规划控制算法,南京,20-40K・15薪,'3-5年', '本科',某大型知名汽车生产上市公司,['自动驾驶'],20,南京,南京,
图像算法工程师,南京,20-40K・15薪,'3-5年', '本科',某大型医疗健康公司,['图像识别经验'],20,南京,南京,
算法工程师,南京,35-50K,'5-10年', '硕士',某大型计算机软件公司,"['C++', '深度学习算法', '机器学习算法', 'CNN', 'SVM', 'GDBT']",35,南京,南京,
视频算法工程师,南京,20-40K・13薪,'3-5年', '本科',某500强上市公司,"['视频图像处理算法', 'DSP']",20,南京,南京,
人工智能高级主任（图像）,南京,120-180K,'5-10年', '硕士',某大型知名汽车生产上市公司,"['计算机相关专业', '图像识别经验', '英文读写能力良好', '自动驾驶', '视觉感知', '泊车环视']",120,南京,南京,
算法负责人,南京,70-90K・14薪,'5-10年', '本科',某仪器仪表公司,['算法负责人'],70,南京,南京,
算法工程师,南京・建邺区・奥体,15-20K・13薪,'3-5年', '本科',宇天仿真,"['C++', '算法设计']",15,南京建邺区,南京,建邺区
遥感图像算法工程师,南京・雨花台区・铁心桥,12-18K,'1-3年', '本科',南京星遥科技有限公司,['Python'],12,南京雨花台区,南京,雨花台区
算法工程师,南京,30-50K・16薪,'经验不限', '本科',某工业自动化公司,['业务导向'],30,南京,南京,
